timestamp,message,logStreamName
1750362256141,"INIT_START Runtime Version: provided:al2.v116	Runtime Version ARN: arn:aws:lambda:us-east-1::runtime:79c6cb68b9795cc440a0a014211e54bcf20eabe43ab99b883277bed4b07cb712
",2025/06/19/[$LATEST]c5fcdeced13644f3886c97d4e2671571
1750362256273,"{""level"":""info"",""timestamp"":""2025-06-19T19:44:16.271Z"",""caller"":""dynamodb/client.go:87"",""msg"":""DynamoDB client initialized with cost tracking"",""region"":""us-east-1""}
",2025/06/19/[$LATEST]c5fcdeced13644f3886c97d4e2671571
1750362256348,"{""level"":""info"",""timestamp"":""2025-06-19T19:44:16.347Z"",""caller"":""auth/main.go:87"",""msg"":""default OAuth client exists"",""client_id"":""lesser-web"",""redirect_uris"":[""https://lesser.host/auth/callback""]}
",2025/06/19/[$LATEST]c5fcdeced13644f3886c97d4e2671571
1750362256350,"START RequestId: 896b8d52-78ae-475e-a553-c95090929d16 Version: $LATEST
",2025/06/19/[$LATEST]c5fcdeced13644f3886c97d4e2671571
1750362256354,"{""level"":""info"",""timestamp"":""2025-06-19T19:44:16.354Z"",""caller"":""auth/main.go:168"",""msg"":""OAuth request"",""raw_path"":""/lab/oauth/authorize"",""path"":""/oauth/authorize"",""method"":""GET"",""stage"":""lab"",""path_parameters"":null,""request_context_path"":""/lab/oauth/authorize""}
",2025/06/19/[$LATEST]c5fcdeced13644f3886c97d4e2671571
1750362256354,"{""level"":""info"",""timestamp"":""2025-06-19T19:44:16.354Z"",""caller"":""auth/main.go:209"",""msg"":""raw authorize request details"",""query_params"":{""client_id"":""nhsSFirepTiGvvk2qzdasA=="",""code_challenge"":""WvXMwcYvVzad_ZX3RwWXldv2YHRTwPb1VHRlvEuJPQ0"",""code_challenge_method"":""S256"",""redirect_uri"":""https://dev.greater.website/auth/callback"",""response_type"":""code"",""scope"":""read write follow push"",""state"":""0d44b2d02c9c86a2a06cbe45f23d89709701bdc336b289f47808c4da29e5584e""},""raw_query_string"":""client_id=nhsSFirepTiGvvk2qzdasA%3D%3D&response_type=code&redirect_uri=https%3A%2F%2Fdev.greater.website%2Fauth%2Fcallback&scope=read+write+follow+push&code_challenge=WvXMwcYvVzad_ZX3RwWXldv2YHRTwPb1VHRlvEuJPQ0&code_challenge_method=S256&state=0d44b2d02c9c86a2a06cbe45f23d89709701bdc336b289f47808c4da29e5584e"",""raw_path"":""/lab/oauth/authorize""}
",2025/06/19/[$LATEST]c5fcdeced13644f3886c97d4e2671571
1750362256354,"{""level"":""info"",""timestamp"":""2025-06-19T19:44:16.354Z"",""caller"":""auth/main.go:229"",""msg"":""parsed OAuth authorize request"",""response_type"":""code"",""client_id"":""nhsSFirepTiGvvk2qzdasA=="",""redirect_uri"":""https://dev.greater.website/auth/callback"",""state"":""0d44b2d02c9c86a2a06cbe45f23d89709701bdc336b289f47808c4da29e5584e"",""code_challenge"":""WvXMwcYvVzad_ZX3RwWXldv2YHRTwPb1VHRlvEuJPQ0"",""scope"":""read write follow push"",""all_params"":{""client_id"":""nhsSFirepTiGvvk2qzdasA=="",""code_challenge"":""WvXMwcYvVzad_ZX3RwWXldv2YHRTwPb1VHRlvEuJPQ0"",""code_challenge_method"":""S256"",""redirect_uri"":""https://dev.greater.website/auth/callback"",""response_type"":""code"",""scope"":""read write follow push"",""state"":""0d44b2d02c9c86a2a06cbe45f23d89709701bdc336b289f47808c4da29e5584e""}}
",2025/06/19/[$LATEST]c5fcdeced13644f3886c97d4e2671571
1750362256354,"{""level"":""info"",""timestamp"":""2025-06-19T19:44:16.354Z"",""caller"":""auth/main.go:368"",""msg"":""validating client and redirect URI"",""client_id"":""nhsSFirepTiGvvk2qzdasA=="",""redirect_uri"":""https://dev.greater.website/auth/callback""}
",2025/06/19/[$LATEST]c5fcdeced13644f3886c97d4e2671571
1750362256358,"ValidateRedirectURI - Client nhsSFirepTiGvvk2qzdasA== registered URIs: [https://dev.greater.website/auth/callback]
",2025/06/19/[$LATEST]c5fcdeced13644f3886c97d4e2671571
1750362256358,"ValidateRedirectURI - Requested URI: https://dev.greater.website/auth/callback
",2025/06/19/[$LATEST]c5fcdeced13644f3886c97d4e2671571
1750362256358,"{""level"":""info"",""timestamp"":""2025-06-19T19:44:16.358Z"",""caller"":""auth/main.go:384"",""msg"":""PKCE enabled"",""code_challenge_method"":""S256""}
",2025/06/19/[$LATEST]c5fcdeced13644f3886c97d4e2671571
1750362256358,"{""level"":""info"",""timestamp"":""2025-06-19T19:44:16.358Z"",""caller"":""auth/main.go:398"",""msg"":""rendering login page"",""client_id"":""nhsSFirepTiGvvk2qzdasA=="",""redirect_uri"":""https://dev.greater.website/auth/callback""}
",2025/06/19/[$LATEST]c5fcdeced13644f3886c97d4e2671571
1750362256362,"END RequestId: 896b8d52-78ae-475e-a553-c95090929d16
",2025/06/19/[$LATEST]c5fcdeced13644f3886c97d4e2671571
1750362256362,"REPORT RequestId: 896b8d52-78ae-475e-a553-c95090929d16	Duration: 11.72 ms	Billed Duration: 220 ms	Memory Size: 3008 MB	Max Memory Used: 44 MB	Init Duration: 207.73 ms	
",2025/06/19/[$LATEST]c5fcdeced13644f3886c97d4e2671571
1750362259328,"START RequestId: 2af89b0e-40b1-4093-9309-bd9d4770c7d9 Version: $LATEST
",2025/06/19/[$LATEST]c5fcdeced13644f3886c97d4e2671571
1750362259328,"{""level"":""info"",""timestamp"":""2025-06-19T19:44:19.328Z"",""caller"":""auth/main.go:168"",""msg"":""OAuth request"",""raw_path"":""/lab/oauth/register"",""path"":""/oauth/register"",""method"":""GET"",""stage"":""lab"",""path_parameters"":null,""request_context_path"":""/lab/oauth/register""}
",2025/06/19/[$LATEST]c5fcdeced13644f3886c97d4e2671571
1750362259329,"END RequestId: 2af89b0e-40b1-4093-9309-bd9d4770c7d9
",2025/06/19/[$LATEST]c5fcdeced13644f3886c97d4e2671571
1750362259329,"REPORT RequestId: 2af89b0e-40b1-4093-9309-bd9d4770c7d9	Duration: 1.27 ms	Billed Duration: 2 ms	Memory Size: 3008 MB	Max Memory Used: 44 MB	
",2025/06/19/[$LATEST]c5fcdeced13644f3886c97d4e2671571
1750362265210,"START RequestId: 75ce4ed3-5756-4793-bd23-95a507c9c511 Version: $LATEST
",2025/06/19/[$LATEST]c5fcdeced13644f3886c97d4e2671571
1750362265210,"{""level"":""info"",""timestamp"":""2025-06-19T19:44:25.210Z"",""caller"":""auth/main.go:168"",""msg"":""OAuth request"",""raw_path"":""/lab/oauth/accounts"",""path"":""/oauth/accounts"",""method"":""POST"",""stage"":""lab"",""path_parameters"":null,""request_context_path"":""/lab/oauth/accounts""}
",2025/06/19/[$LATEST]c5fcdeced13644f3886c97d4e2671571
1750362265562,"{""level"":""info"",""timestamp"":""2025-06-19T19:44:25.562Z"",""caller"":""dynamodb/actor.go:194"",""msg"":""actor created successfully"",""request_id"":""75ce4ed3-5756-4793-bd23-95a507c9c511"",""function_name"":""lesser-auth-2f165c6"",""function_version"":""$LATEST"",""username"":""aron"",""actor_id"":""https://lesser.host/users/aron""}
",2025/06/19/[$LATEST]c5fcdeced13644f3886c97d4e2671571
1750362265565,"END RequestId: 75ce4ed3-5756-4793-bd23-95a507c9c511
",2025/06/19/[$LATEST]c5fcdeced13644f3886c97d4e2671571
1750362265565,"REPORT RequestId: 75ce4ed3-5756-4793-bd23-95a507c9c511	Duration: 355.34 ms	Billed Duration: 356 ms	Memory Size: 3008 MB	Max Memory Used: 47 MB	
",2025/06/19/[$LATEST]c5fcdeced13644f3886c97d4e2671571
1750362267592,"START RequestId: 14b5b601-4927-41d2-9905-3178381a597e Version: $LATEST
",2025/06/19/[$LATEST]c5fcdeced13644f3886c97d4e2671571
1750362267593,"{""level"":""info"",""timestamp"":""2025-06-19T19:44:27.593Z"",""caller"":""auth/main.go:168"",""msg"":""OAuth request"",""raw_path"":""/lab/auth/webauthn/register/begin"",""path"":""/auth/webauthn/register/begin"",""method"":""POST"",""stage"":""lab"",""path_parameters"":null,""request_context_path"":""/lab/auth/webauthn/register/begin""}
",2025/06/19/[$LATEST]c5fcdeced13644f3886c97d4e2671571
1750362267652,"END RequestId: 14b5b601-4927-41d2-9905-3178381a597e
",2025/06/19/[$LATEST]c5fcdeced13644f3886c97d4e2671571
1750362267652,"REPORT RequestId: 14b5b601-4927-41d2-9905-3178381a597e	Duration: 59.45 ms	Billed Duration: 60 ms	Memory Size: 3008 MB	Max Memory Used: 47 MB	
",2025/06/19/[$LATEST]c5fcdeced13644f3886c97d4e2671571
1750362272146,"START RequestId: 27749d44-9254-4316-a938-6d5657d15ded Version: $LATEST
",2025/06/19/[$LATEST]c5fcdeced13644f3886c97d4e2671571
1750362272146,"{""level"":""info"",""timestamp"":""2025-06-19T19:44:32.146Z"",""caller"":""auth/main.go:168"",""msg"":""OAuth request"",""raw_path"":""/lab/auth/webauthn/register/finish"",""path"":""/auth/webauthn/register/finish"",""method"":""POST"",""stage"":""lab"",""path_parameters"":null,""request_context_path"":""/lab/auth/webauthn/register/finish""}
",2025/06/19/[$LATEST]c5fcdeced13644f3886c97d4e2671571
1750362272164,"END RequestId: 27749d44-9254-4316-a938-6d5657d15ded
",2025/06/19/[$LATEST]c5fcdeced13644f3886c97d4e2671571
1750362272164,"REPORT RequestId: 27749d44-9254-4316-a938-6d5657d15ded	Duration: 18.56 ms	Billed Duration: 19 ms	Memory Size: 3008 MB	Max Memory Used: 47 MB	
",2025/06/19/[$LATEST]c5fcdeced13644f3886c97d4e2671571
1750362274249,"START RequestId: 064ef7f7-b391-498f-935f-cceb66e41954 Version: $LATEST
",2025/06/19/[$LATEST]c5fcdeced13644f3886c97d4e2671571
1750362274249,"{""level"":""info"",""timestamp"":""2025-06-19T19:44:34.249Z"",""caller"":""auth/main.go:168"",""msg"":""OAuth request"",""raw_path"":""/lab/oauth/authorize"",""path"":""/oauth/authorize"",""method"":""GET"",""stage"":""lab"",""path_parameters"":null,""request_context_path"":""/lab/oauth/authorize""}
",2025/06/19/[$LATEST]c5fcdeced13644f3886c97d4e2671571
1750362274249,"{""level"":""info"",""timestamp"":""2025-06-19T19:44:34.249Z"",""caller"":""auth/main.go:209"",""msg"":""raw authorize request details"",""query_params"":{""client_id"":""lesser-web"",""redirect_uri"":""https://lesser.host/auth/callback"",""response_type"":""code"",""scope"":""read write follow push"",""state"":""gvxs2l""},""raw_query_string"":""response_type=code&client_id=lesser-web&redirect_uri=https%3A%2F%2Flesser.host%2Fauth%2Fcallback&scope=read+write+follow+push&state=gvxs2l"",""raw_path"":""/lab/oauth/authorize""}
",2025/06/19/[$LATEST]c5fcdeced13644f3886c97d4e2671571
1750362274249,"{""level"":""info"",""timestamp"":""2025-06-19T19:44:34.249Z"",""caller"":""auth/main.go:229"",""msg"":""parsed OAuth authorize request"",""response_type"":""code"",""client_id"":""lesser-web"",""redirect_uri"":""https://lesser.host/auth/callback"",""state"":""gvxs2l"",""code_challenge"":"""",""scope"":""read write follow push"",""all_params"":{""client_id"":""lesser-web"",""redirect_uri"":""https://lesser.host/auth/callback"",""response_type"":""code"",""scope"":""read write follow push"",""state"":""gvxs2l""}}
",2025/06/19/[$LATEST]c5fcdeced13644f3886c97d4e2671571
1750362274249,"{""level"":""info"",""timestamp"":""2025-06-19T19:44:34.249Z"",""caller"":""auth/main.go:368"",""msg"":""validating client and redirect URI"",""client_id"":""lesser-web"",""redirect_uri"":""https://lesser.host/auth/callback""}
",2025/06/19/[$LATEST]c5fcdeced13644f3886c97d4e2671571
1750362274252,"ValidateRedirectURI - Client lesser-web registered URIs: [https://lesser.host/auth/callback]
",2025/06/19/[$LATEST]c5fcdeced13644f3886c97d4e2671571
1750362274252,"ValidateRedirectURI - Requested URI: https://lesser.host/auth/callback
",2025/06/19/[$LATEST]c5fcdeced13644f3886c97d4e2671571
1750362274252,"{""level"":""info"",""timestamp"":""2025-06-19T19:44:34.252Z"",""caller"":""auth/main.go:382"",""msg"":""PKCE not used for this request""}
",2025/06/19/[$LATEST]c5fcdeced13644f3886c97d4e2671571
1750362274252,"{""level"":""info"",""timestamp"":""2025-06-19T19:44:34.252Z"",""caller"":""auth/main.go:398"",""msg"":""rendering login page"",""client_id"":""lesser-web"",""redirect_uri"":""https://lesser.host/auth/callback""}
",2025/06/19/[$LATEST]c5fcdeced13644f3886c97d4e2671571
1750362274254,"END RequestId: 064ef7f7-b391-498f-935f-cceb66e41954
",2025/06/19/[$LATEST]c5fcdeced13644f3886c97d4e2671571
1750362274254,"REPORT RequestId: 064ef7f7-b391-498f-935f-cceb66e41954	Duration: 4.59 ms	Billed Duration: 5 ms	Memory Size: 3008 MB	Max Memory Used: 47 MB	
",2025/06/19/[$LATEST]c5fcdeced13644f3886c97d4e2671571
1750362285894,"START RequestId: 8fc5f547-eb29-4d4c-aa20-a09f8f4b779f Version: $LATEST
",2025/06/19/[$LATEST]c5fcdeced13644f3886c97d4e2671571
1750362285894,"{""level"":""info"",""timestamp"":""2025-06-19T19:44:45.894Z"",""caller"":""auth/main.go:168"",""msg"":""OAuth request"",""raw_path"":""/lab/auth/webauthn/login/begin"",""path"":""/auth/webauthn/login/begin"",""method"":""POST"",""stage"":""lab"",""path_parameters"":null,""request_context_path"":""/lab/auth/webauthn/login/begin""}
",2025/06/19/[$LATEST]c5fcdeced13644f3886c97d4e2671571
1750362285903,"{""level"":""info"",""timestamp"":""2025-06-19T19:44:45.903Z"",""caller"":""auth/main.go:2156"",""msg"":""WebAuthn login begin successful"",""username"":""aron"",""challenge"":""4k6tsryEr_8Qq_xI_Ruk1sf6PkUqKG-wX4F_-PeZpeM""}
",2025/06/19/[$LATEST]c5fcdeced13644f3886c97d4e2671571
1750362285903,"{""level"":""info"",""timestamp"":""2025-06-19T19:44:45.903Z"",""caller"":""auth/main.go:2162"",""msg"":""WebAuthn options structure"",""options"":""{\""publicKey\"":{\""challenge\"":\""4k6tsryEr_8Qq_xI_Ruk1sf6PkUqKG-wX4F_-PeZpeM\"",\""timeout\"":300000,\""rpId\"":\""lesser.host\"",\""allowCredentials\"":[{\""type\"":\""public-key\"",\""id\"":\""IxNIutdKN28ekhYoQ33AyAWJBJQ\""}]}}""}
",2025/06/19/[$LATEST]c5fcdeced13644f3886c97d4e2671571
1750362285904,"END RequestId: 8fc5f547-eb29-4d4c-aa20-a09f8f4b779f
",2025/06/19/[$LATEST]c5fcdeced13644f3886c97d4e2671571
1750362285905,"REPORT RequestId: 8fc5f547-eb29-4d4c-aa20-a09f8f4b779f	Duration: 10.91 ms	Billed Duration: 11 ms	Memory Size: 3008 MB	Max Memory Used: 48 MB	
",2025/06/19/[$LATEST]c5fcdeced13644f3886c97d4e2671571
1750362290818,"START RequestId: a9708408-d485-4e80-821d-c662835d1fd5 Version: $LATEST
",2025/06/19/[$LATEST]c5fcdeced13644f3886c97d4e2671571
1750362290819,"{""level"":""info"",""timestamp"":""2025-06-19T19:44:50.819Z"",""caller"":""auth/main.go:168"",""msg"":""OAuth request"",""raw_path"":""/lab/oauth/authorize"",""path"":""/oauth/authorize"",""method"":""POST"",""stage"":""lab"",""path_parameters"":null,""request_context_path"":""/lab/oauth/authorize""}
",2025/06/19/[$LATEST]c5fcdeced13644f3886c97d4e2671571
1750362290819,"{""level"":""info"",""timestamp"":""2025-06-19T19:44:50.819Z"",""caller"":""auth/main.go:209"",""msg"":""raw authorize request details"",""query_params"":null,""raw_query_string"":"""",""raw_path"":""/lab/oauth/authorize""}
",2025/06/19/[$LATEST]c5fcdeced13644f3886c97d4e2671571
1750362290819,"{""level"":""info"",""timestamp"":""2025-06-19T19:44:50.819Z"",""caller"":""auth/main.go:263"",""msg"":""processing POST request"",""content_type"":""application/x-www-form-urlencoded"",""is_base64"":true,""body"":""response_type=code&client_id=lesser-web&redirect_uri=https%3A%2F%2Flesser.host%2Fauth%2Fcallback&state=gvxs2l&code_challenge=&code_challenge_method=&scope=read+write+follow+push&username=aron&webauthn_response=%7B%22challenge%22%3A%224k6tsryEr_8Qq_xI_Ruk1sf6PkUqKG-wX4F_-PeZpeM%22%2C%22credential%22%3A%7B%22id%22%3A%22IxNIutdKN28ekhYoQ33AyAWJBJQ%22%2C%22rawId%22%3A%22IxNIutdKN28ekhYoQ33AyAWJBJQ%22%2C%22type%22%3A%22public-key%22%2C%22response%22%3A%7B%22clientDataJSON%22%3A%22eyJ0eXBlIjoid2ViYXV0aG4uZ2V0IiwiY2hhbGxlbmdlIjoiNGs2dHNyeUVyXzhRcV94SV9SdWsxc2Y2UGtVcUtHLXdYNEZfLVBlWnBlTSIsIm9yaWdpbiI6Imh0dHBzOi8vbGVzc2VyLmhvc3QiLCJjcm9zc09yaWdpbiI6ZmFsc2V9%22%2C%22authenticatorData%22%3A%22YiIFY95SbVVrHXlpIXUODRABkOVEMRxbjqbgcfwGh24dAAAAAA%22%2C%22signature%22%3A%22MEQCIErqpKFxVbcH-yoOd-jpAh3JPKTn2mbnpjQucCHTbHH0AiBtpXFU1EXbz1aGT3hj2QYv7-1QCB_jhBhk5nfVzrF64w%22%2C%22userHandle%22%3A%22YXJvbg%22%7D%7D%7D""}
",2025/06/19/[$LATEST]c5fcdeced13644f3886c97d4e2671571
1750362290819,"{""level"":""info"",""timestamp"":""2025-06-19T19:44:50.819Z"",""caller"":""auth/main.go:296"",""msg"":""handling WebAuthn authentication"",""username"":""aron""}
",2025/06/19/[$LATEST]c5fcdeced13644f3886c97d4e2671571
1750362290819,"{""level"":""info"",""timestamp"":""2025-06-19T19:44:50.819Z"",""caller"":""auth/main.go:443"",""msg"":""validating WebAuthn credentials"",""username"":""aron""}
",2025/06/19/[$LATEST]c5fcdeced13644f3886c97d4e2671571
1750362290840,"{""level"":""info"",""timestamp"":""2025-06-19T19:44:50.839Z"",""caller"":""auth/main.go:478"",""msg"":""WebAuthn authentication successful"",""username"":""aron""}
",2025/06/19/[$LATEST]c5fcdeced13644f3886c97d4e2671571
1750362290840,"{""level"":""info"",""timestamp"":""2025-06-19T19:44:50.839Z"",""caller"":""auth/main.go:335"",""msg"":""login successful, completing authorization"",""username"":""aron"",""client_id"":""lesser-web""}
",2025/06/19/[$LATEST]c5fcdeced13644f3886c97d4e2671571
1750362290840,"{""level"":""info"",""timestamp"":""2025-06-19T19:44:50.840Z"",""caller"":""auth/main.go:486"",""msg"":""starting authorization completion"",""username"":""aron"",""client_id"":""lesser-web""}
",2025/06/19/[$LATEST]c5fcdeced13644f3886c97d4e2671571
1750362290840,"{""level"":""info"",""timestamp"":""2025-06-19T19:44:50.840Z"",""caller"":""auth/main.go:497"",""msg"":""generating authorization code""}
",2025/06/19/[$LATEST]c5fcdeced13644f3886c97d4e2671571
1750362290840,"{""level"":""info"",""timestamp"":""2025-06-19T19:44:50.840Z"",""caller"":""auth/main.go:503"",""msg"":""authorization code generated"",""code"":""EFxxAemnHe1V3g62gbd2oRzihhVLDb5WyaFATsvUaqs=""}
",2025/06/19/[$LATEST]c5fcdeced13644f3886c97d4e2671571
1750362290840,"{""level"":""info"",""timestamp"":""2025-06-19T19:44:50.840Z"",""caller"":""auth/main.go:515"",""msg"":""storing authorization code in DynamoDB""}
",2025/06/19/[$LATEST]c5fcdeced13644f3886c97d4e2671571
1750362290844,"{""level"":""info"",""timestamp"":""2025-06-19T19:44:50.844Z"",""caller"":""auth/main.go:520"",""msg"":""authorization code stored successfully""}
",2025/06/19/[$LATEST]c5fcdeced13644f3886c97d4e2671571
1750362290845,"{""level"":""info"",""timestamp"":""2025-06-19T19:44:50.844Z"",""caller"":""auth/main.go:531"",""msg"":""redirecting with authorization code"",""redirect_url"":""https://lesser.host/auth/callback?code=EFxxAemnHe1V3g62gbd2oRzihhVLDb5WyaFATsvUaqs%3D&state=gvxs2l""}
",2025/06/19/[$LATEST]c5fcdeced13644f3886c97d4e2671571
1750362290846,"END RequestId: a9708408-d485-4e80-821d-c662835d1fd5
",2025/06/19/[$LATEST]c5fcdeced13644f3886c97d4e2671571
1750362290846,"REPORT RequestId: a9708408-d485-4e80-821d-c662835d1fd5	Duration: 27.14 ms	Billed Duration: 28 ms	Memory Size: 3008 MB	Max Memory Used: 50 MB	
",2025/06/19/[$LATEST]c5fcdeced13644f3886c97d4e2671571